benchmark_key,benchmark_name,input_data,input_size,verification,average_ticks,median_ticks,average_time_ns,median_time_ns,measured_growth
"bubble","Bubble Sort","Random",100,"PASS",61031.44,46064.00,19243.00,14500.00,"O(n^2.01)"
"insertion","Insertion Sort","Random",100,"PASS",3582.40,3712.00,1201.00,1200.00,"O(n^1.75)"
"selection","Selection Sort","Random",100,"PASS",29440.41,27040.00,9291.00,8500.00,"O(n^1.99)"
"merge","Merge Sort","Random",100,"PASS",2792.64,2496.00,945.00,900.00,"O(n^1.15)"
"quick","Quick Sort","Random",100,"PASS",1782.40,1696.00,628.00,600.00,"O(n^1.23)"
"bubble","Bubble Sort","Random",500,"PASS",1272425.12,1247856.00,398586.00,390950.00,"O(n^2.01)"
"insertion","Insertion Sort","Random",500,"PASS",53732.16,52896.00,16889.00,16600.00,"O(n^1.75)"
"selection","Selection Sort","Random",500,"PASS",708226.33,648336.00,221977.00,203200.00,"O(n^1.99)"
"merge","Merge Sort","Random",500,"PASS",17705.92,16896.00,5614.00,5400.00,"O(n^1.15)"
"quick","Quick Sort","Random",500,"PASS",15753.63,12928.00,5003.00,4100.00,"O(n^1.23)"
"bubble","Bubble Sort","Random",1000,"PASS",4797822.75,4761136.00,1502375.00,1490850.00,"O(n^2.01)"
"insertion","Insertion Sort","Random",1000,"PASS",187753.92,184800.00,58848.00,57900.00,"O(n^1.75)"
"selection","Selection Sort","Random",1000,"PASS",2736367.07,2661888.00,856955.00,833600.00,"O(n^1.99)"
"merge","Merge Sort","Random",1000,"PASS",38737.28,36832.00,12197.00,11600.00,"O(n^1.15)"
"quick","Quick Sort","Random",1000,"PASS",31488.00,28144.00,9926.00,8900.00,"O(n^1.23)"
"bubble","Bubble Sort","Random",2000,"PASS",18913978.56,18663968.00,5922371.00,5844600.00,"O(n^2.01)"
"insertion","Insertion Sort","Random",2000,"PASS",769611.67,728160.00,241067.00,228100.00,"O(n^1.75)"
"selection","Selection Sort","Random",2000,"PASS",10609859.32,10465056.00,3322216.00,3276900.00,"O(n^1.99)"
"merge","Merge Sort","Random",2000,"PASS",80002.88,78304.00,25117.00,24600.00,"O(n^1.15)"
"quick","Quick Sort","Random",2000,"PASS",102927.36,67328.00,32436.00,21200.00,"O(n^1.23)"
"bubble","Bubble Sort","Sorted",100,"PASS",392.64,384.00,219.00,200.00,"O(n^0.84)"
"insertion","Insertion Sort","Sorted",100,"PASS",373.76,288.00,268.00,200.00,"O(n^1.07)"
"selection","Selection Sort","Sorted",100,"PASS",27728.32,27616.00,8770.00,8700.00,"O(n^1.98)"
"merge","Merge Sort","Sorted",100,"PASS",7850.33,4320.00,2550.00,1400.00,"O(n^0.86)"
"quick","Quick Sort","Sorted",100,"PASS",2184.32,2112.00,768.00,700.00,"O(n^0.83)"
"bubble","Bubble Sort","Sorted",500,"PASS",1384.96,1376.00,520.00,500.00,"O(n^0.84)"
"insertion","Insertion Sort","Sorted",500,"PASS",1418.56,1408.00,523.00,500.00,"O(n^1.07)"
"selection","Selection Sort","Sorted",500,"PASS",692750.61,659952.00,217052.00,206700.00,"O(n^1.98)"
"merge","Merge Sort","Sorted",500,"PASS",14001.60,13216.00,4457.00,4200.00,"O(n^0.86)"
"quick","Quick Sort","Sorted",500,"PASS",15590.30,13024.00,5011.00,4200.00,"O(n^0.83)"
"bubble","Bubble Sort","Sorted",1000,"PASS",2114.56,2048.00,735.00,700.00,"O(n^0.84)"
"insertion","Insertion Sort","Sorted",1000,"PASS",3959.04,2688.00,1335.00,900.00,"O(n^1.07)"
"selection","Selection Sort","Sorted",1000,"PASS",2782917.44,2652000.00,871500.00,830500.00,"O(n^1.98)"
"merge","Merge Sort","Sorted",1000,"PASS",31025.33,28416.00,9793.00,9000.00,"O(n^0.86)"
"quick","Quick Sort","Sorted",1000,"PASS",13587.84,12896.00,4323.00,4100.00,"O(n^0.83)"
"bubble","Bubble Sort","Sorted",2000,"PASS",5438.08,5376.00,1784.00,1800.00,"O(n^0.84)"
"insertion","Insertion Sort","Sorted",2000,"PASS",7638.08,7936.00,2501.00,2600.00,"O(n^1.07)"
"selection","Selection Sort","Sorted",2000,"PASS",10532257.27,10476576.00,3297913.00,3280350.00,"O(n^1.98)"
"merge","Merge Sort","Sorted",2000,"PASS",59568.00,58256.00,18725.00,18300.00,"O(n^0.86)"
"quick","Quick Sort","Sorted",2000,"PASS",27787.20,27488.00,8766.00,8700.00,"O(n^0.83)"
"bubble","Bubble Sort","Reverse",100,"PASS",89420.48,86304.00,28071.00,27100.00,"O(n^2.01)"
"insertion","Insertion Sort","Reverse",100,"PASS",6017.60,6016.00,1984.00,2000.00,"O(n^1.81)"
"selection","Selection Sort","Reverse",100,"PASS",27455.68,21536.00,8699.00,6800.00,"O(n^2.07)"
"merge","Merge Sort","Reverse",100,"PASS",4484.16,4480.00,1527.00,1500.00,"O(n^0.84)"
"quick","Quick Sort","Reverse",100,"PASS",2419.20,2432.00,884.00,900.00,"O(n^0.82)"
"bubble","Bubble Sort","Reverse",500,"PASS",2288420.48,2222096.00,716784.00,695850.00,"O(n^2.01)"
"insertion","Insertion Sort","Reverse",500,"PASS",93230.40,91712.00,29256.00,28800.00,"O(n^1.81)"
"selection","Selection Sort","Reverse",500,"PASS",665033.60,639424.00,208336.00,200300.00,"O(n^2.07)"
"merge","Merge Sort","Reverse",500,"PASS",19440.00,19504.00,6382.00,6200.00,"O(n^0.84)"
"quick","Quick Sort","Reverse",500,"PASS",6447.36,6432.00,2080.00,2100.00,"O(n^0.82)"
"bubble","Bubble Sort","Reverse",1000,"PASS",8797876.04,8746176.00,2755009.00,2738650.00,"O(n^2.01)"
"insertion","Insertion Sort","Reverse",1000,"PASS",357848.32,343872.00,112113.00,107700.00,"O(n^1.81)"
"selection","Selection Sort","Reverse",1000,"PASS",2731791.04,2657152.00,855496.00,832050.00,"O(n^2.07)"
"merge","Merge Sort","Reverse",1000,"PASS",29390.40,27936.00,9272.00,8800.00,"O(n^0.84)"
"quick","Quick Sort","Reverse",1000,"PASS",15376.03,13664.00,4883.00,4350.00,"O(n^0.82)"
"bubble","Bubble Sort","Reverse",2000,"PASS",35641797.79,35666544.00,11160170.00,11167550.00,"O(n^2.01)"
"insertion","Insertion Sort","Reverse",2000,"PASS",1465616.35,1416864.00,459017.00,443750.00,"O(n^1.81)"
"selection","Selection Sort","Reverse",2000,"PASS",10618952.64,10539440.00,3325062.00,3300050.00,"O(n^2.07)"
"merge","Merge Sort","Reverse",2000,"PASS",60420.16,59248.00,18987.00,18600.00,"O(n^0.84)"
"quick","Quick Sort","Reverse",2000,"PASS",31103.04,29408.00,9810.00,9300.00,"O(n^0.82)"
